{"cameraMode":{"drawMode":0,"name":"Shaded","section":"Shading Mode"},"sceneLighting":false,"audioPlay":false,"sceneViewState":{"showFog":true,"showMaterialUpdate":false,"showSkybox":false,"showFlares":true,"showImageEffects":true,"showParticleSystems":true},"in2DMode":false,"pivot":{"x":-1.4106512069702149,"y":-0.8984029293060303,"z":2.158480405807495},"rotation":{"x":-0.11147470772266388,"y":0.06018273904919624,"z":-0.006747732870280743,"w":-0.9919471144676209},"size":2.548992872238159,"orthographic":false}