{"cameraMode":{"drawMode":0,"name":"Shaded","section":"Shading Mode"},"sceneLighting":false,"audioPlay":false,"sceneViewState":{"showFog":true,"showMaterialUpdate":false,"showSkybox":false,"showFlares":true,"showImageEffects":true,"showParticleSystems":true},"in2DMode":false,"pivot":{"x":-4.9116339683532719,"y":-12.904385566711426,"z":0.254296213388443},"rotation":{"x":-0.22197456657886506,"y":-0.6650382876396179,"z":0.21738260984420777,"w":-0.6791529655456543},"size":9.550000190734864,"orthographic":false}