{"cameraMode":{"drawMode":0,"name":"Shaded","section":"Shading Mode"},"sceneLighting":false,"audioPlay":false,"sceneViewState":{"showFog":true,"showMaterialUpdate":false,"showSkybox":false,"showFlares":true,"showImageEffects":true,"showParticleSystems":true},"in2DMode":false,"pivot":{"x":-0.9677481651306152,"y":-0.6209497451782227,"z":1.8690890073776246},"rotation":{"x":-0.09078633040189743,"y":0.0020881127566099169,"z":-0.00017475821368861943,"w":-0.9958949685096741},"size":2.548992872238159,"orthographic":false}